{"title":"Bootstrap 2","version":2,"sections":{"1":{"secId":"columnSetSize","secHeadline":"Spalten definieren","secClass":"icon-th-large","cssSet":{"1":{"id":"columnSetSizeSelect1","class":"icon-desktop ac-w25","type":"select","values":{"1":{"title":".span1","value":"span1"},"2":{"title":".span2","value":"span2"},"3":{"title":".span3","value":"span3"},"4":{"title":".span4","value":"span4"},"5":{"title":".span5","value":"span5"},"6":{"title":".span6","value":"span6"},"7":{"title":".span7","value":"span7"},"8":{"title":".span8","value":"span8"},"9":{"title":".span9","value":"span9"},"10":{"title":".span10","value":"span10"},"11":{"title":".span11","value":"span11"},"12":{"title":".span12","value":"span12"}}},"2":{"id":"columnSetOffsetSelect1","class":"icon-indent-right ac-w25","type":"select","values":{"1":{"title":".offset1","value":"offset1"},"2":{"title":".offset2","value":"offset2"},"3":{"title":".offset3","value":"offset3"},"4":{"title":".offset4","value":"offset4"},"5":{"title":".offset5","value":"offset5"},"6":{"title":".offset6","value":"offset6"},"7":{"title":".offset7","value":"offset7"},"8":{"title":".offset8","value":"offset8"},"9":{"title":".offset9","value":"offset9"},"10":{"title":".offset10","value":"offset10"},"11":{"title":".offset11","value":"offset11"},"12":{"title":".offset12","value":"offset12"}}}}},"2":{"secId":"columnSetVisibility","secHeadline":"Sichtbarkeit ändern (Visible/Hidden)","secClass":"icon-eye","cssSet":{"1":{"id":"columnSetVisibilitySelect1","class":"icon-mobile ac-w25","type":"select","values":{"1":{"title":".visible-phone","value":"visible-phone"},"2":{"title":".hidden-phone","value":"hidden-phone"}}},"2":{"id":"columnSetVisibilitySelect2","class":"icon-tablet ac-w25","type":"select","values":{"1":{"title":".visible-tablet","value":"visible-tablet"},"2":{"title":".hidden-tablet","value":"hidden-tablet"}}},"3":{"id":"columnSetVisibilitySelect4","class":"icon-desktop ac-w25","type":"select","values":{"1":{"title":".visible-desktop","value":"visible-desktop"},"2":{"title":".hidden-desktop","value":"hidden-desktop"}}}}}}}