{"title":"Bootstrap","version":1,"sections":{"1":{"secId":"columnSetSize","secHeadline":"Spaltenbreiten festlegen","secClass":"icon-th-large","cssSet":{"1":{"id":"columnSetSizeSelect1","class":"icon-mobile ac-w25","type":"select","values":{"1":{"title":".col-xs-1","value":"col-xs-1"},"2":{"title":".col-xs-2","value":"col-xs-2"},"3":{"title":".col-xs-3","value":"col-xs-3"},"4":{"title":".col-xs-4","value":"col-xs-4"},"5":{"title":".col-xs-5","value":"col-xs-5"},"6":{"title":".col-xs-6","value":"col-xs-6"},"7":{"title":".col-xs-7","value":"col-xs-7"},"8":{"title":".col-xs-8","value":"col-xs-8"},"9":{"title":".col-xs-9","value":"col-xs-9"},"10":{"title":".col-xs-10","value":"col-xs-10"},"11":{"title":".col-xs-11","value":"col-xs-11"},"12":{"title":".col-xs-12","value":"col-xs-12"}}},"2":{"id":"columnSetSizeSelect2","class":"icon-tablet ac-w25","type":"select","values":{"1":{"title":".col-sm-1","value":"col-sm-1"},"2":{"title":".col-sm-2","value":"col-sm-2"},"3":{"title":".col-sm-3","value":"col-sm-3"},"4":{"title":".col-sm-4","value":"col-sm-4"},"5":{"title":".col-sm-5","value":"col-sm-5"},"6":{"title":".col-sm-6","value":"col-sm-6"},"7":{"title":".col-sm-7","value":"col-sm-7"},"8":{"title":".col-sm-8","value":"col-sm-8"},"9":{"title":".col-sm-9","value":"col-sm-9"},"10":{"title":".col-sm-10","value":"col-sm-10"},"11":{"title":".col-sm-11","value":"col-sm-11"},"12":{"title":".col-sm-12","value":"col-sm-12"}}},"3":{"id":"columnSetSizeSelect3","class":"icon-laptop ac-w25","type":"select","values":{"1":{"title":".col-md-1","value":"col-md-1"},"2":{"title":".col-md-2","value":"col-md-2"},"3":{"title":".col-md-3","value":"col-md-3"},"4":{"title":".col-md-4","value":"col-md-4"},"5":{"title":".col-md-5","value":"col-md-5"},"6":{"title":".col-md-6","value":"col-md-6"},"7":{"title":".col-md-7","value":"col-md-7"},"8":{"title":".col-md-8","value":"col-md-8"},"9":{"title":".col-md-9","value":"col-md-9"},"10":{"title":".col-md-10","value":"col-md-10"},"11":{"title":".col-md-11","value":"col-md-11"},"12":{"title":".col-md-12","value":"col-md-12"}}},"4":{"id":"columnSetSizeSelect4","class":"icon-desktop ac-w25","type":"select","values":{"1":{"title":".col-lg-1","value":"col-lg-1"},"2":{"title":".col-lg-2","value":"col-lg-2"},"3":{"title":".col-lg-3","value":"col-lg-3"},"4":{"title":".col-lg-4","value":"col-lg-4"},"5":{"title":".col-lg-5","value":"col-lg-5"},"6":{"title":".col-lg-6","value":"col-lg-6"},"7":{"title":".col-lg-7","value":"col-lg-7"},"8":{"title":".col-lg-8","value":"col-lg-8"},"9":{"title":".col-lg-9","value":"col-lg-9"},"10":{"title":".col-lg-10","value":"col-lg-10"},"11":{"title":".col-lg-11","value":"col-lg-11"},"12":{"title":".col-lg-12","value":"col-lg-12"}}}}},"2":{"secId":"columnSetOffset","secHeadline":"Spalten-Offset festlegen","secClass":"icon-indent-right","cssSet":{"1":{"id":"columnSetOffsetSelect1","class":"icon-mobile ac-w25","type":"select","values":{"1":{"title":".col-xs-offset-1","value":"col-xs-offset-1"},"2":{"title":".col-xs-offset-2","value":"col-xs-offset-2"},"3":{"title":".col-xs-offset-3","value":"col-xs-offset-3"},"4":{"title":".col-xs-offset-4","value":"col-xs-offset-4"},"5":{"title":".col-xs-offset-5","value":"col-xs-offset-5"},"6":{"title":".col-xs-offset-6","value":"col-xs-offset-6"},"7":{"title":".col-xs-offset-7","value":"col-xs-offset-7"},"8":{"title":".col-xs-offset-8","value":"col-xs-offset-8"},"9":{"title":".col-xs-offset-9","value":"col-xs-offset-9"},"10":{"title":".col-xs-offset-10","value":"col-xs-offset-10"},"11":{"title":".col-xs-offset-11","value":"col-xs-offset-11"},"12":{"title":".col-xs-offset-12","value":"col-xs-offset-12"}}},"2":{"id":"columnSetOffsetSelect2","class":"icon-tablet ac-w25","type":"select","values":{"1":{"title":".col-sm-offset-1","value":"col-sm-offset-1"},"2":{"title":".col-sm-offset-2","value":"col-sm-offset-2"},"3":{"title":".col-sm-offset-3","value":"col-sm-offset-3"},"4":{"title":".col-sm-offset-4","value":"col-sm-offset-4"},"5":{"title":".col-sm-offset-5","value":"col-sm-offset-5"},"6":{"title":".col-sm-offset-6","value":"col-sm-offset-6"},"7":{"title":".col-sm-offset-7","value":"col-sm-offset-7"},"8":{"title":".col-sm-offset-8","value":"col-sm-offset-8"},"9":{"title":".col-sm-offset-9","value":"col-sm-offset-9"},"10":{"title":".col-sm-offset-10","value":"col-sm-offset-10"},"11":{"title":".col-sm-offset-11","value":"col-sm-offset-11"},"12":{"title":".col-sm-offset-12","value":"col-sm-offset-12"}}},"3":{"id":"columnSetOffsetSelect3","class":"icon-laptop ac-w25","type":"select","values":{"1":{"title":".col-md-offset-1","value":"col-md-offset-1"},"2":{"title":".col-md-offset-2","value":"col-md-offset-2"},"3":{"title":".col-md-offset-3","value":"col-md-offset-3"},"4":{"title":".col-md-offset-4","value":"col-md-offset-4"},"5":{"title":".col-md-offset-5","value":"col-md-offset-5"},"6":{"title":".col-md-offset-6","value":"col-md-offset-6"},"7":{"title":".col-md-offset-7","value":"col-md-offset-7"},"8":{"title":".col-md-offset-8","value":"col-md-offset-8"},"9":{"title":".col-md-offset-9","value":"col-md-offset-9"},"10":{"title":".col-md-offset-10","value":"col-md-offset-10"},"11":{"title":".col-md-offset-11","value":"col-md-offset-11"},"12":{"title":".col-md-offset-12","value":"col-md-offset-12"}}},"4":{"id":"columnSetOffsetSelect4","class":"icon-desktop ac-w25","type":"select","values":{"1":{"title":".col-lg-offset-1","value":"col-lg-offset-1"},"2":{"title":".col-lg-offset-2","value":"col-lg-offset-2"},"3":{"title":".col-lg-offset-3","value":"col-lg-offset-3"},"4":{"title":".col-lg-offset-4","value":"col-lg-offset-4"},"5":{"title":".col-lg-offset-5","value":"col-lg-offset-5"},"6":{"title":".col-lg-offset-6","value":"col-lg-offset-6"},"7":{"title":".col-lg-offset-7","value":"col-lg-offset-7"},"8":{"title":".col-lg-offset-8","value":"col-lg-offset-8"},"9":{"title":".col-lg-offset-9","value":"col-lg-offset-9"},"10":{"title":".col-lg-offset-10","value":"col-lg-offset-10"},"11":{"title":".col-lg-offset-11","value":"col-lg-offset-11"},"12":{"title":".col-lg-offset-12","value":"col-lg-offset-12"}}}}},"3":{"secId":"columnSetPushPull","secHeadline":"Reihenfolge ändern (Push/Pull)","secClass":"icon-exchange","cssSet":{"1":{"id":"columnSetPushPullSelect1","class":"icon-mobile ac-w25","type":"select","values":{"1":{"title":".col-xs-push-1","value":"col-xs-push-1"},"2":{"title":".col-xs-push-2","value":"col-xs-push-2"},"3":{"title":".col-xs-push-3","value":"col-xs-push-3"},"4":{"title":".col-xs-push-4","value":"col-xs-push-4"},"5":{"title":".col-xs-push-5","value":"col-xs-push-5"},"6":{"title":".col-xs-push-6","value":"col-xs-push-6"},"7":{"title":".col-xs-push-7","value":"col-xs-push-7"},"8":{"title":".col-xs-push-8","value":"col-xs-push-8"},"9":{"title":".col-xs-push-9","value":"col-xs-push-9"},"10":{"title":".col-xs-push-10","value":"col-xs-push-10"},"11":{"title":".col-xs-push-11","value":"col-xs-push-11"},"12":{"title":".col-xs-push-12","value":"col-xs-push-12"},"13":{"title":".col-xs-pull-1","value":"col-xs-pull-1"},"14":{"title":".col-xs-pull-2","value":"col-xs-pull-2"},"15":{"title":".col-xs-pull-3","value":"col-xs-pull-3"},"16":{"title":".col-xs-pull-4","value":"col-xs-pull-4"},"17":{"title":".col-xs-pull-5","value":"col-xs-pull-5"},"18":{"title":".col-xs-pull-6","value":"col-xs-pull-6"},"19":{"title":".col-xs-pull-7","value":"col-xs-pull-7"},"20":{"title":".col-xs-pull-8","value":"col-xs-pull-8"},"21":{"title":".col-xs-pull-9","value":"col-xs-pull-9"},"22":{"title":".col-xs-pull-10","value":"col-xs-pull-10"},"23":{"title":".col-xs-pull-11","value":"col-xs-pull-11"},"24":{"title":".col-xs-pull-12","value":"col-xs-pull-12"}}},"2":{"id":"columnSetPushPullSelect2","class":"icon-tablet ac-w25","type":"select","values":{"1":{"title":".col-sm-push-1","value":"col-sm-push-1"},"2":{"title":".col-sm-push-2","value":"col-sm-push-2"},"3":{"title":".col-sm-push-3","value":"col-sm-push-3"},"4":{"title":".col-sm-push-4","value":"col-sm-push-4"},"5":{"title":".col-sm-push-5","value":"col-sm-push-5"},"6":{"title":".col-sm-push-6","value":"col-sm-push-6"},"7":{"title":".col-sm-push-7","value":"col-sm-push-7"},"8":{"title":".col-sm-push-8","value":"col-sm-push-8"},"9":{"title":".col-sm-push-9","value":"col-sm-push-9"},"10":{"title":".col-sm-push-10","value":"col-sm-push-10"},"11":{"title":".col-sm-push-11","value":"col-sm-push-11"},"12":{"title":".col-sm-push-12","value":"col-sm-push-12"},"13":{"title":".col-sm-pull-1","value":"col-sm-pull-1"},"14":{"title":".col-sm-pull-2","value":"col-sm-pull-2"},"15":{"title":".col-sm-pull-3","value":"col-sm-pull-3"},"16":{"title":".col-sm-pull-4","value":"col-sm-pull-4"},"17":{"title":".col-sm-pull-5","value":"col-sm-pull-5"},"18":{"title":".col-sm-pull-6","value":"col-sm-pull-6"},"19":{"title":".col-sm-pull-7","value":"col-sm-pull-7"},"20":{"title":".col-sm-pull-8","value":"col-sm-pull-8"},"21":{"title":".col-sm-pull-9","value":"col-sm-pull-9"},"22":{"title":".col-sm-pull-10","value":"col-sm-pull-10"},"23":{"title":".col-sm-pull-11","value":"col-sm-pull-11"},"24":{"title":".col-sm-pull-12","value":"col-sm-pull-12"}}},"3":{"id":"columnSetPushPullSelect3","class":"icon-laptop ac-w25","type":"select","values":{"1":{"title":".col-md-push-1","value":"col-md-push-1"},"2":{"title":".col-md-push-2","value":"col-md-push-2"},"3":{"title":".col-md-push-3","value":"col-md-push-3"},"4":{"title":".col-md-push-4","value":"col-md-push-4"},"5":{"title":".col-md-push-5","value":"col-md-push-5"},"6":{"title":".col-md-push-6","value":"col-md-push-6"},"7":{"title":".col-md-push-7","value":"col-md-push-7"},"8":{"title":".col-md-push-8","value":"col-md-push-8"},"9":{"title":".col-md-push-9","value":"col-md-push-9"},"10":{"title":".col-md-push-10","value":"col-md-push-10"},"11":{"title":".col-md-push-11","value":"col-md-push-11"},"12":{"title":".col-md-push-12","value":"col-md-push-12"},"13":{"title":".col-md-pull-1","value":"col-md-pull-1"},"14":{"title":".col-md-pull-2","value":"col-md-pull-2"},"15":{"title":".col-md-pull-3","value":"col-md-pull-3"},"16":{"title":".col-md-pull-4","value":"col-md-pull-4"},"17":{"title":".col-md-pull-5","value":"col-md-pull-5"},"18":{"title":".col-md-pull-6","value":"col-md-pull-6"},"19":{"title":".col-md-pull-7","value":"col-md-pull-7"},"20":{"title":".col-md-pull-8","value":"col-md-pull-8"},"21":{"title":".col-md-pull-9","value":"col-md-pull-9"},"22":{"title":".col-md-pull-10","value":"col-md-pull-10"},"23":{"title":".col-md-pull-11","value":"col-md-pull-11"},"24":{"title":".col-md-pull-12","value":"col-md-pull-12"}}},"4":{"id":"columnSetPushPullSelect4","class":"icon-desktop ac-w25","type":"select","values":{"1":{"title":".col-lg-push-1","value":"col-lg-push-1"},"2":{"title":".col-lg-push-2","value":"col-lg-push-2"},"3":{"title":".col-lg-push-3","value":"col-lg-push-3"},"4":{"title":".col-lg-push-4","value":"col-lg-push-4"},"5":{"title":".col-lg-push-5","value":"col-lg-push-5"},"6":{"title":".col-lg-push-6","value":"col-lg-push-6"},"7":{"title":".col-lg-push-7","value":"col-lg-push-7"},"8":{"title":".col-lg-push-8","value":"col-lg-push-8"},"9":{"title":".col-lg-push-9","value":"col-lg-push-9"},"10":{"title":".col-lg-push-10","value":"col-lg-push-10"},"11":{"title":".col-lg-push-11","value":"col-lg-push-11"},"12":{"title":".col-lg-push-12","value":"col-lg-push-12"},"13":{"title":".col-lg-pull-1","value":"col-lg-pull-1"},"14":{"title":".col-lg-pull-2","value":"col-lg-pull-2"},"15":{"title":".col-lg-pull-3","value":"col-lg-pull-3"},"16":{"title":".col-lg-pull-4","value":"col-lg-pull-4"},"17":{"title":".col-lg-pull-5","value":"col-lg-pull-5"},"18":{"title":".col-lg-pull-6","value":"col-lg-pull-6"},"19":{"title":".col-lg-pull-7","value":"col-lg-pull-7"},"20":{"title":".col-lg-pull-8","value":"col-lg-pull-8"},"21":{"title":".col-lg-pull-9","value":"col-lg-pull-9"},"22":{"title":".col-lg-pull-10","value":"col-lg-pull-10"},"23":{"title":".col-lg-pull-11","value":"col-lg-pull-11"},"24":{"title":".col-lg-pull-12","value":"col-lg-pull-12"}}}}},"4":{"secId":"columnSetVisibility","secHeadline":"Sichtbarkeit ändern (Visible/Hidden)","secClass":"icon-eye","cssSet":{"1":{"id":"columnSetVisibilitySelect1","class":"icon-mobile ac-w25","type":"select","values":{"1":{"title":".hidden-xs","value":"hidden-xs (old)"},"2":{"title":".visible-xs-block","value":"visible-xs-block"},"3":{"title":".visible-xs-inline","value":"visible-xs-inline"},"4":{"title":".visible-xs-inline-block","value":"visible-xs-inline-block"}}},"2":{"id":"columnSetVisibilitySelect2","class":"icon-tablet ac-w25","type":"select","values":{"1":{"title":".hidden-sm","value":"hidden-sm (old)"},"2":{"title":".visible-sm-block","value":"visible-sm-block"},"3":{"title":".visible-sm-inline","value":"visible-sm-inline"},"4":{"title":".visible-sm-inline-block","value":"visible-sm-inline-block"}}},"3":{"id":"columnSetVisibilitySelect3","class":"icon-laptop ac-w25","type":"select","values":{"1":{"title":".hidden-md","value":"hidden-md (old)"},"2":{"title":".visible-md-block","value":"visible-md-block"},"3":{"title":".visible-md-inline","value":"visible-md-inline"},"4":{"title":".visible-md-inline-block","value":"visible-md-inline-block"}}},"4":{"id":"columnSetVisibilitySelect4","class":"icon-desktop ac-w25","type":"select","values":{"1":{"title":".hidden-lg","value":"hidden-lg (old)"},"2":{"title":".visible-lg-block","value":"visible-lg-block"},"3":{"title":".visible-lg-inline","value":"visible-lg-inline"},"4":{"title":".visible-lg-inline-block","value":"visible-lg-inline-block"}}}}}}}