{
   "title":"Materialize",
   "version":1,
   "sections":{
	  "1":{
         "secId":"columnSetCol",
         "secHeadline":"Col-Attribut hinzufügen",
         "secClass":"icon-th-large",
         "cssSet":{
            "1":{
               "id":"columnSetColSelect1",
               "class":"icon-th-large ac-w25",
               "type":"select",
               "values":{
                  "1":{
                     "title":".col",
                     "value":"col"
                  }
               }
            }
         }
      },
      "2":{
         "secId":"columnSetSize",
         "secHeadline":"Spaltenbreiten festlegen",
         "secClass":"icon-th-large",
         "cssSet":{
			"1":{
               "id":"columnSetSizeSelect1",
               "class":"icon-mobile ac-w25",
               "type":"select",
               "values":{
                  "1":{
                     "title":".s1",
                     "value":"s1"
                  },
                  "2":{
                     "title":".s2",
                     "value":"s2"
                  },
                  "3":{
                     "title":".s3",
                     "value":"s3"
                  },
                  "4":{
                     "title":".s4",
                     "value":"s4"
                  },
                  "5":{
                     "title":".s5",
                     "value":"s5"
                  },
                  "6":{
                     "title":".s6",
                     "value":"s6"
                  },
                  "7":{
                     "title":".s7",
                     "value":"s7"
                  },
                  "8":{
                     "title":".s8",
                     "value":"s8"
                  },
                  "9":{
                     "title":".s9",
                     "value":"s9"
                  },
                  "10":{
                     "title":".s10",
                     "value":"s10"
                  },
                  "11":{
                     "title":".s11",
                     "value":"s11"
                  },
                  "12":{
                     "title":".s12",
                     "value":"s12"
                  }
               }
            },
            "2":{
               "id":"columnSetSizeSelect2",
               "class":"icon-tablet ac-w25",
               "type":"select",
               "values":{
                  "1":{
                     "title":".m1",
                     "value":"m1"
                  },
                  "2":{
                     "title":".m2",
                     "value":"m2"
                  },
                  "3":{
                     "title":".m3",
                     "value":"m3"
                  },
                  "4":{
                     "title":".m4",
                     "value":"m4"
                  },
                  "5":{
                     "title":".m5",
                     "value":"m5"
                  },
                  "6":{
                     "title":".m6",
                     "value":"m6"
                  },
                  "7":{
                     "title":".m7",
                     "value":"m7"
                  },
                  "8":{
                     "title":".m8",
                     "value":"m8"
                  },
                  "9":{
                     "title":".m9",
                     "value":"m9"
                  },
                  "10":{
                     "title":".m10",
                     "value":"m10"
                  },
                  "11":{
                     "title":".m11",
                     "value":"m11"
                  },
                  "12":{
                     "title":".m12",
                     "value":"m12"
                  }
               }
            },
            "3":{
               "id":"columnSetSizeSelect3",
               "class":"icon-laptop ac-w25",
               "type":"select",
               "values":{
                  "1":{
                     "title":".l1",
                     "value":"l1"
                  },
                  "2":{
                     "title":".l2",
                     "value":"l2"
                  },
                  "3":{
                     "title":".l3",
                     "value":"l3"
                  },
                  "4":{
                     "title":".l4",
                     "value":"l4"
                  },
                  "5":{
                     "title":".l5",
                     "value":"l5"
                  },
                  "6":{
                     "title":".l6",
                     "value":"l6"
                  },
                  "7":{
                     "title":".l7",
                     "value":"l7"
                  },
                  "8":{
                     "title":".l8",
                     "value":"l8"
                  },
                  "9":{
                     "title":".l9",
                     "value":"l9"
                  },
                  "10":{
                     "title":".l10",
                     "value":"l10"
                  },
                  "11":{
                     "title":".l11",
                     "value":"l11"
                  },
                  "12":{
                     "title":".l12",
                     "value":"l12"
                  }
               }
            },
           "4":{
             "id":"columnSetSizeSelect4",
             "class":"icon-laptop ac-w25",
             "type":"select",
             "values":{
               "1":{
                 "title":".xl1",
                 "value":"xl1"
               },
               "2":{
                 "title":".xl2",
                 "value":"xl2"
               },
               "3":{
                 "title":".xl3",
                 "value":"xl3"
               },
               "4":{
                 "title":".xl4",
                 "value":"xl4"
               },
               "5":{
                 "title":".xl5",
                 "value":"xl5"
               },
               "6":{
                 "title":".xl6",
                 "value":"xl6"
               },
               "7":{
                 "title":".xl7",
                 "value":"xl7"
               },
               "8":{
                 "title":".xl8",
                 "value":"xl8"
               },
               "9":{
                 "title":".xl9",
                 "value":"xl9"
               },
               "10":{
                 "title":".xl10",
                 "value":"xl10"
               },
               "11":{
                 "title":".xl11",
                 "value":"xl11"
               },
               "12":{
                 "title":".xl12",
                 "value":"xl12"
               }
             }
           }
         }
      },
      "3":{
         "secId":"columnSetOffset",
         "secHeadline":"Spalten-Offset festlegen",
         "secClass":"icon-indent-right",
         "cssSet":{
            "1":{
               "id":"columnSetOffsetSelect1",
               "class":"icon-mobile ac-w25",
               "type":"select",
               "values":{
                  "1":{
                     "title":".offset-s1",
                     "value":"offset-s1"
                  },
                  "2":{
                     "title":".offset-s2",
                     "value":"offset-s2"
                  },
                  "3":{
                     "title":".offset-s3",
                     "value":"offset-s3"
                  },
                  "4":{
                     "title":".offset-s4",
                     "value":"offset-s4"
                  },
                  "5":{
                     "title":".offset-s5",
                     "value":"offset-s5"
                  },
                  "6":{
                     "title":".offset-s6",
                     "value":"offset-s6"
                  },
                  "7":{
                     "title":".offset-s7",
                     "value":"offset-s7"
                  },
                  "8":{
                     "title":".offset-s8",
                     "value":"offset-s8"
                  },
                  "9":{
                     "title":".offset-s9",
                     "value":"offset-s9"
                  },
                  "10":{
                     "title":".offset-s10",
                     "value":"offset-s10"
                  },
                  "11":{
                     "title":".offset-s11",
                     "value":"offset-s11"
                  },
                  "12":{
                     "title":".offset-s12",
                     "value":"offset-s12"
                  }
               }
            },
            "2":{
               "id":"columnSetOffsetSelect2",
               "class":"icon-tablet ac-w25",
               "type":"select",
               "values":{
                  "1":{
                     "title":".offset-m1",
                     "value":"offset-m1"
                  },
                  "2":{
                     "title":".offset-m2",
                     "value":"offset-m2"
                  },
                  "3":{
                     "title":".offset-m3",
                     "value":"offset-m3"
                  },
                  "4":{
                     "title":".offset-m4",
                     "value":"offset-m4"
                  },
                  "5":{
                     "title":".offset-m5",
                     "value":"offset-m5"
                  },
                  "6":{
                     "title":".offset-m6",
                     "value":"offset-m6"
                  },
                  "7":{
                     "title":".offset-m7",
                     "value":"offset-m7"
                  },
                  "8":{
                     "title":".offset-m8",
                     "value":"offset-m8"
                  },
                  "9":{
                     "title":".offset-m9",
                     "value":"offset-m9"
                  },
                  "10":{
                     "title":".offset-m10",
                     "value":"offset-m10"
                  },
                  "11":{
                     "title":".offset-m11",
                     "value":"offset-m11"
                  },
                  "12":{
                     "title":".offset-m12",
                     "value":"offset-m12"
                  }
               }
            },
            "3":{
               "id":"columnSetOffsetSelect3",
               "class":"icon-laptop ac-w25",
               "type":"select",
               "values":{
                  "1":{
                     "title":".offset-l1",
                     "value":"offset-l1"
                  },
                  "2":{
                     "title":".offset-l2",
                     "value":"offset-l2"
                  },
                  "3":{
                     "title":".offset-l3",
                     "value":"offset-l3"
                  },
                  "4":{
                     "title":".offset-l4",
                     "value":"offset-l4"
                  },
                  "5":{
                     "title":".offset-l5",
                     "value":"offset-l5"
                  },
                  "6":{
                     "title":".offset-l6",
                     "value":"offset-l6"
                  },
                  "7":{
                     "title":".offset-l7",
                     "value":"offset-l7"
                  },
                  "8":{
                     "title":".offset-l8",
                     "value":"offset-l8"
                  },
                  "9":{
                     "title":".offset-l9",
                     "value":"offset-l9"
                  },
                  "10":{
                     "title":".offset-l10",
                     "value":"offset-l10"
                  },
                  "11":{
                     "title":".offset-l11",
                     "value":"offset-l11"
                  },
                  "12":{
                     "title":".offset-l12",
                     "value":"offset-l12"
                  }
               }
            },
           "4":{
             "id":"columnSetOffsetSelect4",
             "class":"icon-laptop ac-w25",
             "type":"select",
             "values":{
               "1":{
                 "title":".offset-xl1",
                 "value":"offset-xl1"
               },
               "2":{
                 "title":".offset-xl2",
                 "value":"offset-xl2"
               },
               "3":{
                 "title":".offset-xl3",
                 "value":"offset-xl3"
               },
               "4":{
                 "title":".offset-xl4",
                 "value":"offset-xl4"
               },
               "5":{
                 "title":".offset-xl5",
                 "value":"offset-xl5"
               },
               "6":{
                 "title":".offset-xl6",
                 "value":"offset-xl6"
               },
               "7":{
                 "title":".offset-xl7",
                 "value":"offset-xl7"
               },
               "8":{
                 "title":".offset-xl8",
                 "value":"offset-xl8"
               },
               "9":{
                 "title":".offset-xl9",
                 "value":"offset-xl9"
               },
               "10":{
                 "title":".offset-xl10",
                 "value":"offset-xl10"
               },
               "11":{
                 "title":".offset-xl11",
                 "value":"offset-xl11"
               },
               "12":{
                 "title":".offset-xl12",
                 "value":"offset-xl12"
               }
             }
           }
         }
      },
      "4":{
         "secId":"columnSetPushPull",
         "secHeadline":"Reihenfolge ändern (Push/Pull)",
         "secClass":"icon-exchange",
         "cssSet":{
            "1":{
               "id":"columnSetPushPullSelect1",
               "class":"icon-mobile ac-w25",
               "type":"select",
               "values":{
                  "1":{
                     "title":".push-s1",
                     "value":"push-s1"
                  },
                  "2":{
                     "title":".push-s2",
                     "value":"push-s2"
                  },
                  "3":{
                     "title":".push-s3",
                     "value":"push-s3"
                  },
                  "4":{
                     "title":".push-s4",
                     "value":"push-s4"
                  },
                  "5":{
                     "title":".push-s5",
                     "value":"push-s5"
                  },
                  "6":{
                     "title":".push-s6",
                     "value":"push-s6"
                  },
                  "7":{
                     "title":".push-s7",
                     "value":"push-s7"
                  },
                  "8":{
                     "title":".push-s8",
                     "value":"push-s8"
                  },
                  "9":{
                     "title":".push-s9",
                     "value":"push-s9"
                  },
                  "10":{
                     "title":".push-s10",
                     "value":"push-s10"
                  },
                  "11":{
                     "title":".push-s11",
                     "value":"push-s11"
                  },
                  "12":{
                     "title":".push-s12",
                     "value":"push-s12"
                  },
                  "13":{
                     "title":".pull-s1",
                     "value":"pull-s1"
                  },
                  "14":{
                     "title":".pull-s2",
                     "value":"pull-s2"
                  },
                  "15":{
                     "title":".pull-s3",
                     "value":"pull-s3"
                  },
                  "16":{
                     "title":".pull-s4",
                     "value":"pull-s4"
                  },
                  "17":{
                     "title":".pull-s5",
                     "value":"pull-s5"
                  },
                  "18":{
                     "title":".pull-s6",
                     "value":"pull-s6"
                  },
                  "19":{
                     "title":".pull-s7",
                     "value":"pull-s7"
                  },
                  "20":{
                     "title":".pull-s8",
                     "value":"pull-s8"
                  },
                  "21":{
                     "title":".pull-s9",
                     "value":"pull-s9"
                  },
                  "22":{
                     "title":".pull-s10",
                     "value":"pull-s10"
                  },
                  "23":{
                     "title":".pull-s11",
                     "value":"pull-s11"
                  },
                  "24":{
                     "title":".pull-s12",
                     "value":"pull-s12"
                  }
               }
            },
            "2":{
               "id":"columnSetPushPullSelect2",
               "class":"icon-tablet ac-w25",
               "type":"select",
               "values":{
                  "1":{
                     "title":".push-m1",
                     "value":"push-m1"
                  },
                  "2":{
                     "title":".push-m2",
                     "value":"push-m2"
                  },
                  "3":{
                     "title":".push-m3",
                     "value":"push-m3"
                  },
                  "4":{
                     "title":".push-m4",
                     "value":"push-m4"
                  },
                  "5":{
                     "title":".push-m5",
                     "value":"push-m5"
                  },
                  "6":{
                     "title":".push-m6",
                     "value":"push-m6"
                  },
                  "7":{
                     "title":".push-m7",
                     "value":"push-m7"
                  },
                  "8":{
                     "title":".push-m8",
                     "value":"push-m8"
                  },
                  "9":{
                     "title":".push-m9",
                     "value":"push-m9"
                  },
                  "10":{
                     "title":".push-m10",
                     "value":"push-m10"
                  },
                  "11":{
                     "title":".push-m11",
                     "value":"push-m11"
                  },
                  "12":{
                     "title":".push-m12",
                     "value":"push-m12"
                  },
                  "13":{
                     "title":".pull-m1",
                     "value":"pull-m1"
                  },
                  "14":{
                     "title":".pull-m2",
                     "value":"pull-m2"
                  },
                  "15":{
                     "title":".pull-m3",
                     "value":"pull-m3"
                  },
                  "16":{
                     "title":".pull-m4",
                     "value":"pull-m4"
                  },
                  "17":{
                     "title":".pull-m5",
                     "value":"pull-m5"
                  },
                  "18":{
                     "title":".pull-m6",
                     "value":"pull-m6"
                  },
                  "19":{
                     "title":".pull-m7",
                     "value":"pull-m7"
                  },
                  "20":{
                     "title":".pull-m8",
                     "value":"pull-m8"
                  },
                  "21":{
                     "title":".pull-m9",
                     "value":"pull-m9"
                  },
                  "22":{
                     "title":".pull-m10",
                     "value":"pull-m10"
                  },
                  "23":{
                     "title":".pull-m11",
                     "value":"pull-m11"
                  },
                  "24":{
                     "title":".pull-m12",
                     "value":"pull-m12"
                  }
               }
            },
            "3":{
               "id":"columnSetPushPullSelect3",
               "class":"icon-laptop ac-w25",
               "type":"select",
               "values":{
                  "1":{
                     "title":".push-l1",
                     "value":"push-l1"
                  },
                  "2":{
                     "title":".push-l2",
                     "value":"push-l2"
                  },
                  "3":{
                     "title":".push-l3",
                     "value":"push-l3"
                  },
                  "4":{
                     "title":".push-l4",
                     "value":"push-l4"
                  },
                  "5":{
                     "title":".push-l5",
                     "value":"push-l5"
                  },
                  "6":{
                     "title":".push-l6",
                     "value":"push-l6"
                  },
                  "7":{
                     "title":".push-l7",
                     "value":"push-l7"
                  },
                  "8":{
                     "title":".push-l8",
                     "value":"push-l8"
                  },
                  "9":{
                     "title":".push-l9",
                     "value":"push-l9"
                  },
                  "10":{
                     "title":".push-l10",
                     "value":"push-l10"
                  },
                  "11":{
                     "title":".push-l11",
                     "value":"push-l11"
                  },
                  "12":{
                     "title":".push-l12",
                     "value":"push-l12"
                  },
                  "13":{
                     "title":".pull-l1",
                     "value":"pull-l1"
                  },
                  "14":{
                     "title":".pull-l2",
                     "value":"pull-l2"
                  },
                  "15":{
                     "title":".pull-l3",
                     "value":"pull-l3"
                  },
                  "16":{
                     "title":".pull-l4",
                     "value":"pull-l4"
                  },
                  "17":{
                     "title":".pull-l5",
                     "value":"pull-l5"
                  },
                  "18":{
                     "title":".pull-l6",
                     "value":"pull-l6"
                  },
                  "19":{
                     "title":".pull-l7",
                     "value":"pull-l7"
                  },
                  "20":{
                     "title":".pull-l8",
                     "value":"pull-l8"
                  },
                  "21":{
                     "title":".pull-l9",
                     "value":"pull-l9"
                  },
                  "22":{
                     "title":".pull-l10",
                     "value":"pull-l10"
                  },
                  "23":{
                     "title":".pull-l11",
                     "value":"pull-l11"
                  },
                  "24":{
                     "title":".pull-l12",
                     "value":"pull-l12"
                  }
               }
            },
           "4":{
             "id":"columnSetPushPullSelect4",
             "class":"icon-laptop ac-w25",
             "type":"select",
             "values":{
               "1":{
                 "title":".push-xl1",
                 "value":"push-xl1"
               },
               "2":{
                 "title":".push-xl2",
                 "value":"push-xl2"
               },
               "3":{
                 "title":".push-xl3",
                 "value":"push-xl3"
               },
               "4":{
                 "title":".push-xl4",
                 "value":"push-xl4"
               },
               "5":{
                 "title":".push-xl5",
                 "value":"push-xl5"
               },
               "6":{
                 "title":".push-xl6",
                 "value":"push-xl6"
               },
               "7":{
                 "title":".push-xl7",
                 "value":"push-xl7"
               },
               "8":{
                 "title":".push-xl8",
                 "value":"push-xl8"
               },
               "9":{
                 "title":".push-xl9",
                 "value":"push-xl9"
               },
               "10":{
                 "title":".push-xl10",
                 "value":"push-xl10"
               },
               "11":{
                 "title":".push-xl11",
                 "value":"push-xl11"
               },
               "12":{
                 "title":".push-xl12",
                 "value":"push-xl12"
               },
               "13":{
                 "title":".pull-xl1",
                 "value":"pull-xl1"
               },
               "14":{
                 "title":".pull-xl2",
                 "value":"pull-xl2"
               },
               "15":{
                 "title":".pull-xl3",
                 "value":"pull-xl3"
               },
               "16":{
                 "title":".pull-xl4",
                 "value":"pull-xl4"
               },
               "17":{
                 "title":".pull-xl5",
                 "value":"pull-xl5"
               },
               "18":{
                 "title":".pull-xl6",
                 "value":"pull-xl6"
               },
               "19":{
                 "title":".pull-xl7",
                 "value":"pull-xl7"
               },
               "20":{
                 "title":".pull-xl8",
                 "value":"pull-xl8"
               },
               "21":{
                 "title":".pull-xl9",
                 "value":"pull-xl9"
               },
               "22":{
                 "title":".pull-xl10",
                 "value":"pull-xl10"
               },
               "23":{
                 "title":".pull-xl11",
                 "value":"pull-xl11"
               },
               "24":{
                 "title":".pull-xl12",
                 "value":"pull-xl12"
               }
             }
           }
         }
      },
      "5":{
         "secId":"columnSetVisibility",
         "secHeadline":"Sichtbarkeit ändern (Hide)",
         "secClass":"icon-eye",
         "cssSet":{
            "1":{
               "id":"columnSetVisibilitySelect1",
               "class":"icon-mobile ac-w25",
               "type":"select",
               "values":{
                  "1":{
                     "title":".hide",
                     "value":"hide"
                  },
                  "2":{
                     "title":".hide-on-small-only",
                     "value":"hide-on-small-only"
                  },
                  "3":{
                     "title":".hide-on-med-only",
                     "value":"hide-on-med-only"
                  },
			      "4":{
                     "title":".hide-on-med-and-down",
                     "value":"hide-on-med-and-down"
                  },
				  "5":{
                     "title":".hide-on-med-and-up",
                     "value":"hide-on-med-and-up"
                  },
				  "6":{
                     "title":".hide-on-large-only",
                     "value":"hide-on-large-only"
                  }
               }
            }
         }
      },
      "6":{
         "secId":"columnSetAlign",
         "secHeadline":"Textausrichtung",
         "secClass":"icon-eye",
         "cssSet":{
            "1":{
               "id":"columnSetAlignSelect1",
               "class":"icon-mobile ac-w25",
               "type":"select",
               "values":{
                  "1":{
                     "title":".left-align",
                     "value":"left-align"
                  },
                  "2":{
                     "title":".right-align",
                     "value":"right-align"
                  },
                  "3":{
                     "title":".center-align",
                     "value":"center-align"
                  }
               }
            }
         }
      },
	  "7":{
         "secId":"columnSetFloats",
         "secHeadline":"Floats",
         "secClass":"icon-eye",
         "cssSet":{
            "1":{
               "id":"columnSetFloatsSelect1",
               "class":"icon-mobile ac-w25",
               "type":"select",
               "values":{
                  "1":{
                     "title":".left",
                     "value":"left"
                  },
                  "2":{
                     "title":".right",
                     "value":"right"
                  }
               }
            }
         }
      }
   }
}